{"cameraMode":{"drawMode":0,"name":"Shaded","section":"Shading Mode"},"sceneLighting":true,"audioPlay":false,"sceneViewState":{"m_AlwaysRefresh":false,"showFog":true,"showSkybox":true,"showFlares":true,"showImageEffects":true,"showParticleSystems":true,"showVisualEffectGraphs":true,"m_FxEnabled":true},"in2DMode":false,"pivot":{"x":37.27177429199219,"y":10.47548770904541,"z":5.651076316833496},"rotation":{"x":0.08699385076761246,"y":-0.051818788051605228,"z":0.009186611510813237,"w":0.9964689016342163},"size":0.7464953660964966,"orthographic":false}