{"cameraMode":{"drawMode":0,"name":"Shaded","section":"Shading Mode"},"sceneLighting":true,"audioPlay":false,"sceneViewState":{"m_AlwaysRefresh":false,"showFog":true,"showSkybox":true,"showFlares":true,"showImageEffects":true,"showParticleSystems":true,"showVisualEffectGraphs":true,"m_FxEnabled":true},"in2DMode":false,"pivot":{"x":28.707794189453126,"y":9.24195384979248,"z":3.3953757286071779},"rotation":{"x":0.0564994141459465,"y":0.16942372918128968,"z":-0.009448185563087464,"w":0.9839780330657959},"size":0.5515483617782593,"orthographic":false}